{
  "accessKeyId": "AKIAR6HU7QOXIVHWCXAL",
  "secretAccessKey": "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",
  "apiVersion": "2012-08-10",
  "S3_BUCKET": "zq-student-portal",
  "S3_BUCKET_ken42": "ken42-studnet-portal-dev",
  "baseUrl": "http://idosast.southeastasia.cloudapp.azure.com:5001",
  "domainName": "apidev.zenqore.com",
  "basePath": "edu",
  "feeCollectionURL": "http://52.172.134.214/#/feeCollection",
  "central_mongoDbUrl": "mongodb://a91573151e7a24db1a19e8a03c7111ba-4ed7d42ccce7dad4.elb.us-east-1.amazonaws.com:30000",
  "profilewise_mongoDbUrl": "mongodb://a91573151e7a24db1a19e8a03c7111ba-4ed7d42ccce7dad4.elb.us-east-1.amazonaws.com:30000",
  "AZURE_STORAGE_CONNECTION_STRING": "DefaultEndpointsProtocol=https;AccountName=vksdata;AccountKey=8ZUER1NJE8gVZoC3w6mrknXHnXJXFr2uII7ObvZy45ARpoRxRmLGJ9EbRI2kc1/XIOKyEP/J5PHh/Zlcu2bOcw==;EndpointSuffix=core.windows.net",
  "subnet1": "subnet-0671bbce3f971a910",
  "sg1": "sg-0c2965dc0eede940f",
  "sg2": "sg-05359d7976d32d487",
  "sg3": "sg-0c307da8582a248da",
  "orgCollection": "gstinkyc",
  "personCollecton": "persons",
  "dbName": "zq-edu",
  "username": "rzp_test_UimMrx1nr4WzqV",
  "password": "pJTeTcNpZ46PP2WfkTmKDYGp",
  "enc_secret_key": "mysecret",
  "resourceUrl": "http://3.87.49.91:8080/container",
  "razorpay": "https://api.razorpay.com/v1",
  "receiptAPI": "http://18.214.67.236:8080/createPdf"
}