{"version":4,"template":{"sheets":[{"sheet":"Institute Details","columns":["legalName","legalAddress","gstPan","bankDetails1","bankDetails2","instituteContactDetail1","instituteContactDetail2"]},{"sheet":"Student Details","columns":["Reg ID *","Program Plan ID","First Name *","Last Name *","Category","Email Address *","Phone Number *","DOB","Gender","Admitted Date ","Address 1","Address 2","Address 3","City/Town","State","PIN Code","Country","Parent Name","Parent Email Address","Parent Phone Number","Fee Structure ID *","Status"]},{"sheet":"Program Plans","columns":["Program Code *","Program Name *","Description ","From Date","To Date","Status"]},{"sheet":"Fee Types","columns":["ID *","Fee Type *","Description","Status "]},{"sheet":"Fee Structures","columns":["ID *","Title *","Description","Fee Types *","Status"]},{"sheet":"Payment Schedules","columns":["ID *","Title","Description","Collection Period","Due By","Percentage","Status"]},{"sheet":"Reminder Plans","columns":["ID *","Title","Description","No. of Reminders","Demand Note Reminder","Other Reminders","Status"]},{"sheet":"Late Fee Plans","columns":["ID *","Title","Description","Type","Charges","Frequency","Status"]},{"sheet":"Installment Plans","columns":["ID","Title","Description","No. of Installments","Frequency","Due Date","Percentage Breakup","Status"]},{"sheet":"Categories","columns":["ID","Title","Description","Status"]},{"sheet":"Concession Plans","columns":["ID","Title","Description","Category ID","Concession Type","Concession Value","Status"]},{"sheet":"Fee Manager","columns":["ID *","Title *","Description","Program Plan ID *","Fee Type ID *","Payment Schedule ID *","Reminder Plan ID *","Late Fee Plan ID *","Installment ID","Concession ID","Total Fees *","Status"]}]}}