{
    "access_token": "ya29.A0AfH6SMB-jBRN_sI3fvh3krnWCJdqU8bJiSFwe666yLqhHWpnLMqo0YvuTwOjZVXndI-IEgmtcXtAdmb8IwRORzZyJI5t4hE3mnhsPBWh5C2lcBkJGAqIBs6_7K4zorg6qGfG05RTh1i4x7xKHkqYJY9Ck20nUAR2y9jXIFCZooo",
    "refresh_token": "1//0gacB5vw54jNkCgYIARAAGBASNwF-L9IrjIuG9KDCXZswrXgWkeLHi9wLGBIGoah074_OraDyQWBGhM2P9CufExjzHGArtakDT_E",
    "scope": "https://mail.google.com/ https://www.googleapis.com/auth/gmail.send https://www.googleapis.com/auth/gmail.compose",
    "token_type": "Bearer",
    "expiry_date": 1604556573999
}