[
    {
        "category": "input",
        "type": "password",
        "name": "password",
        "label": "New Password",
        "class": "input-wrap password-icon-wrap login-input",
        "readOnly": false,
        "required": true,
        "password": true,
        "requiredBoolean":true
    },
    {
        "category": "button",
        "type": "submit",
        "label": "Change my Password",
        "class": "primary-btn login-btn",
        "apiDetails": [
            {
                "baseUri": "zqBaseUri",
                "apiUri": "reset/resetpass",
                "method": "POST"
            }
        ]
    }
]