{
    "displayName": "DN_2020-21_002",
    "transactionType": "eduFees",
    "transactionSubType": "demandNote",
    "transactionDate": "2020-11-11T11:05:39.707+00:00",
    "studentId": "STUD_001",
    "studentRegId": "1HK16CS008",
    "studentName": "Adiba Nisar",
    "class": "BE_ENG_CSC_20-21",
    "academicYear": "2020-21",
    "programPlan": "PRGPLN_001",
    "amount": 145000,
    "dueDate": "2020-11-30T11:05:39.707+00:00",
    "emailCommunicationRefIds": "mathi@gmail.com",
    "smsCommunicationRefIds": "92834314212",
    "status": "pending",
    "relatedTransactions": [],
    "data": {
      "displayName": "DN_2020-21_001",
      "studentId": "STUD_001",
      "studentRegId": "1HK16CS008",
      "class": "BE_ENG_CSC_20-21",
      "academicYear": "2020-21",
      "programPlan": "PRGPLN_001",
      "issueDate": "2020-11-11T11:05:39.707+00:00",
      "dueDate": "2020-11-30T11:05:39.707+00:00",
      "feesBreakUp": [
        {
          "feeTypeId": "5fab81df4ba44f4c14570652",
          "feeTypeCode": "FT_001",
          "amount": 145000
        }
      ]
    },
    "createdBy": "5fa29d5b3ab8c44784144eec"
  }
  